,e_magic,e_cblp,e_cp,e_crlc,e_cparhdr,e_minalloc,e_maxalloc,e_ss,e_sp,e_csum,e_ip,e_cs,e_lfarlc,e_ovno,e_oemid,e_oeminfo,e_lfanew,Machine,NumberOfSections,TimeDateStamp,PointerToSymbolTable,NumberOfSymbols,SizeOfOptionalHeader,Characteristics,Magic,MajorLinkerVersion,MinorLinkerVersion,SizeOfCode,SizeOfInitializedData,SizeOfUninitializedData,AddressOfEntryPoint,BaseOfCode,ImageBase,SectionAlignment,FileAlignment,MajorOperatingSystemVersion,MinorOperatingSystemVersion,MajorImageVersion,MinorImageVersion,MajorSubsystemVersion,MinorSubsystemVersion,SizeOfHeaders,CheckSum,SizeOfImage,Subsystem,DllCharacteristics,SizeOfStackReserve,SizeOfStackCommit,SizeOfHeapReserve,SizeOfHeapCommit,LoaderFlags,NumberOfRvaAndSizes,Malware,SuspiciousImportFunctions,SuspiciousNameSection,SectionsLength,SectionMinEntropy,SectionMaxEntropy,SectionMinRawsize,SectionMaxRawsize,SectionMinVirtualsize,SectionMaxVirtualsize,SectionMaxPhysical,SectionMinPhysical,SectionMaxVirtual,SectionMinVirtual,SectionMaxPointerData,SectionMinPointerData,SectionMaxChar,SectionMainChar,DirectoryEntryImport,DirectoryEntryImportSize,DirectoryEntryExport,ImageDirectoryEntryExport,ImageDirectoryEntryImport,ImageDirectoryEntryResource,ImageDirectoryEntryException,ImageDirectoryEntrySecurity,cluster_id
14724,23117,144,3,0,4,0,65535,0,184,0,0,0,64,0,0,0,184,34404,1,1377171914,0,0,240,8226,523,11,0,0,7849472,0,0,4096,6442450944,4096,512,6,3,6,3,6,3,512,7885579,7856128,3,352,262144,4096,1048576,4096,0,16,0,0,0,1,6.610722970260965,0,7849472,0,7848968,0,7848968,0,4096,0,512,0,1073741888,0,0,0,0,0,0,4096,0,0,7
393,23117,144,3,0,4,0,65535,0,184,0,0,0,64,0,0,0,192,34404,2,1424756337,0,0,240,8226,523,10,10,0,4608,0,0,4096,6442450944,4096,512,6,1,0,0,6,1,1024,38155,12288,3,352,1048576,4096,1048576,4096,0,16,1,0,0,2,1.93496253254514,0,512,0,376,0,3924,0,8192,0,1536,0,1073741888,0,0,0,0,4128,0,8192,0,5632,1
6910,23117,144,3,0,4,0,65535,0,184,0,0,0,64,0,0,0,192,332,4,1277308019,0,0,224,8462,267,6,0,647168,69632,0,4632,4096,285212672,4096,4096,4,0,1,40,4,0,4096,757559,720896,2,0,1048576,4096,1048576,4096,0,16,1,0,0,4,0.0,0,0,0,13344,0,644557,0,696320,0,679936,0,3221225536,0,1,52,4,648480,648084,667648,0,0,4
14696,23117,144,3,0,4,0,65535,0,184,0,0,0,64,0,0,0,128,332,3,1486626629,0,0,224,8450,267,11,0,254976,2048,0,262686,8192,4194304,8192,512,4,0,0,0,4,0,512,325986,286720,3,34112,1048576,4096,1048576,4096,0,16,0,0,0,3,0.0815394123432416,0,512,0,12,0,254500,0,278528,0,257024,0,1610612768,0,1,1,0,0,262608,270336,0,257536,7
8611,23117,80,2,0,4,15,65535,0,184,0,0,0,64,26,0,0,256,332,3,708992537,0,0,224,33167,267,2,25,4096,135168,225280,357412,4096,4194304,4096,512,4,0,0,0,4,0,4096,0,380928,2,0,1048576,16384,1048576,4096,0,16,1,0,0,3,0.0,0,3072,0,13231,0,221184,0,364544,0,141312,0,3758096512,0,1,32,0,0,226453,49152,0,0,4
16390,23117,144,3,0,4,0,65535,0,184,0,0,0,64,0,0,0,128,332,3,1377174671,0,0,224,8450,267,11,0,65536,2048,0,73534,8192,4194304,8192,512,4,0,0,0,4,0,512,118624,90112,3,34112,1048576,4096,1048576,4096,0,16,0,0,0,3,0.1019104256627077,0,512,0,12,0,65348,0,81920,0,67584,0,1610612768,0,1,1,0,0,73444,73728,0,0,8
5196,23117,144,3,0,4,0,65535,0,184,0,0,0,64,0,0,0,192,332,4,1234348029,0,0,224,8462,267,6,0,299008,40960,0,4524,4096,285212672,4096,4096,4,0,1,39,4,0,4096,333378,344064,2,0,1048576,4096,1048576,4096,0,16,1,0,0,4,0.0,0,0,0,4628,0,294930,0,327680,0,311296,0,3221225536,0,1,42,4,298848,298388,319488,0,0,3
19281,23117,144,3,0,4,0,65535,0,184,0,0,0,64,0,0,0,128,332,3,1377174640,0,0,224,8450,267,11,0,22016,2048,0,29822,8192,4194304,8192,512,4,0,0,0,4,0,512,33736,49152,3,34112,1048576,4096,1048576,4096,0,16,0,0,0,3,0.0815394123432416,0,512,0,12,0,21636,0,40960,0,24064,0,1610612768,0,1,1,0,0,29744,32768,0,0,9
18514,23117,144,3,0,4,0,65535,0,184,0,0,0,64,0,0,0,128,332,3,1377174295,0,0,224,8450,267,11,0,66048,2048,0,73822,8192,4194304,8192,512,4,0,0,0,4,0,512,105729,98304,3,34112,1048576,4096,1048576,4096,0,16,0,0,0,3,0.1019104256627077,0,512,0,12,0,65636,0,90112,0,68096,0,1610612768,0,1,1,0,0,73736,81920,0,0,9
732,23117,144,3,0,4,0,65535,0,184,0,0,0,64,0,0,0,216,34404,6,1312195109,0,0,240,34,523,9,0,11776,2560,0,28772,4096,65536,4096,512,6,1,6,1,6,1,1024,80059,36864,1,0,262144,4096,1048576,4096,0,16,1,0,0,6,0.0815394123432416,0,512,0,12,0,9968,0,32768,0,14848,0,3791650848,0,1,28,0,0,28804,0,24576,15360,1
10631,23117,144,3,0,4,0,65535,0,184,0,0,0,64,0,0,0,232,332,5,1384285760,0,0,224,258,267,11,0,365568,905728,0,133098,4096,4194304,4096,512,5,1,5,1,5,1,1024,1308834,1286144,2,32832,4000000,4096,1048576,4096,0,16,1,8,0,5,4.588659250700527,0,10240,0,9980,0,863812,0,1273856,0,1257472,0,3221225536,0,1,83,0,0,391052,1257472,0,1267712,5
2387,23117,144,3,0,4,0,65535,0,184,0,0,0,64,0,0,0,176,332,4,1298346679,0,0,224,8462,267,5,12,27136,3072,0,31019,4096,268435456,4096,512,4,0,0,0,4,0,1024,86031,45056,2,0,1048576,4096,1048576,4096,0,16,1,0,0,4,0.2678987311092426,0,512,0,24,0,26976,0,40960,0,29184,0,3221225536,0,1,1,0,32864,32776,0,0,0,2
389,23117,144,3,0,4,0,65535,0,184,0,0,0,64,0,0,0,184,332,3,559095963,0,0,224,271,267,5,12,6656,47104,65536,5028,4096,4194304,4096,512,4,0,0,0,4,0,1024,0,151552,2,0,1048576,4096,1048576,4096,0,16,1,1,0,3,0.0,0,0,0,6192,0,71680,0,77824,0,7680,0,3758096480,0,1,2,0,0,10340,0,0,0,1
424,23117,144,3,0,4,0,65535,0,184,0,0,0,64,0,0,0,200,332,3,1364348026,0,0,224,271,267,6,0,45056,16384,0,7880,4096,4194304,4096,4096,4,0,8,22,4,0,4096,74734,65536,2,0,1048576,4096,1048576,4096,0,16,1,0,0,3,0.0,0,4096,0,7396,0,44580,0,57344,0,53248,0,3221225536,0,1,121,0,0,46644,57344,0,0,1
4653,23117,144,3,0,4,0,65535,0,184,0,0,0,64,0,0,0,232,332,5,1412256114,0,0,224,258,267,12,0,116736,418816,0,57308,4096,4194304,4096,512,5,1,16,0,5,1,1024,601803,561152,2,32832,1048576,4096,1048576,4096,0,16,1,6,0,5,3.600469625574057,0,6656,0,6360,0,364960,0,552960,0,529920,0,3221225536,0,1,66,0,0,160596,532480,0,0,3
14474,23117,144,3,0,4,0,65535,0,184,0,0,0,64,0,0,0,128,332,4,1361836289,0,0,224,258,267,8,0,28672,4608,0,36798,8192,4194304,8192,512,4,0,0,0,4,0,1024,0,65536,2,34112,1048576,4096,1048576,4096,0,16,1,0,0,4,0.0815394123432416,0,512,0,12,0,28612,0,57344,0,33792,0,3221225536,0,1,1,0,0,36716,49152,0,0,7
12874,23117,144,3,0,4,0,65535,0,184,0,0,0,64,0,0,0,128,332,3,1342290134,0,0,224,270,267,6,0,80384,228352,0,88154,8192,4194304,8192,512,4,0,0,0,4,0,512,0,327680,2,0,1048576,4096,1048576,4096,0,16,1,0,0,3,0.1019104256627077,0,512,0,12,0,227424,0,98304,0,81408,0,1610612768,0,1,1,0,0,88064,98304,0,0,6
12781,23117,144,3,0,4,0,65535,0,184,0,0,0,64,0,0,0,64,332,6,1434641521,0,0,224,258,267,12,0,144384,552960,0,71860,4096,4194304,4096,512,5,1,16,0,5,1,1024,725126,720896,2,33088,1048576,4096,1048576,4096,0,16,1,4,0,6,4.231738160816956,0,7680,0,7480,0,450552,0,712704,0,690688,0,3221225536,0,2,67,0,0,189016,692224,0,698368,6
12753,23117,144,3,0,4,0,65535,0,184,0,0,0,64,0,0,0,224,332,7,1363078305,0,0,224,258,267,8,0,7680,320512,0,5339,4096,4194304,4096,512,4,0,6,0,4,0,1024,339548,348160,2,34112,1048576,4096,1048576,4096,0,16,1,4,0,7,0.0,0,0,0,348,0,177664,0,167936,0,151552,0,3221225536,0,3,41,0,0,13024,20480,0,329216,6
10201,23117,144,3,0,4,0,65535,0,184,0,0,0,64,0,0,0,224,332,7,1363078305,0,0,224,258,267,8,0,7680,277504,0,5339,4096,4194304,4096,512,4,0,6,0,4,0,1024,339982,307200,2,34112,1048576,4096,1048576,4096,0,16,1,4,0,7,0.0,0,0,0,348,0,144896,0,159744,0,141312,0,3221225536,0,3,41,0,0,13024,20480,0,286208,5
3510,23117,144,3,0,4,0,65535,0,184,0,0,0,64,0,0,0,224,332,7,1363078305,0,0,224,258,267,8,0,7680,306688,0,5339,4096,4194304,4096,512,4,0,6,0,4,0,1024,331077,335872,2,34112,1048576,4096,1048576,4096,0,16,1,4,0,7,0.0,0,0,0,348,0,174080,0,159744,0,141312,0,3221225536,0,3,41,0,0,13024,20480,0,315392,2
2079,23117,144,3,0,4,0,65535,0,184,0,0,0,64,0,0,0,232,332,5,1290097655,0,0,224,271,267,6,0,104960,35328,0,84740,4096,4194304,4096,512,4,0,0,0,4,0,1024,153019,163840,2,0,1048576,4096,1048576,4096,0,16,1,14,0,5,0.0203931352360849,0,512,0,4,0,104938,0,159744,0,137216,0,3221226048,0,4,122,0,0,125412,159744,0,0,1
15594,23117,144,3,0,4,0,65535,0,184,0,0,0,64,0,0,0,240,34404,6,1377170625,0,0,240,8226,523,11,0,195072,30208,0,88260,4096,6442450944,4096,512,6,3,6,3,6,0,1024,277928,237568,2,352,262144,4096,1048576,4096,0,16,0,12,0,6,1.6094297262833923,0,1536,0,3176,0,194659,0,233472,0,220160,0,3221225536,0,5,106,2,198640,213880,217088,204800,0,8
2798,23117,144,3,0,4,0,65535,0,184,0,0,0,64,0,0,0,240,332,4,1438281625,0,0,224,259,267,12,0,138752,78336,0,42151,4096,4194304,4096,512,5,1,0,0,5,1,1024,244151,225280,2,33024,1048576,4096,1048576,4096,0,16,1,0,0,4,3.705003347762229,0,7168,0,15368,0,138508,0,200704,0,186880,0,3221225536,0,7,118,0,0,180336,200704,0,209408,2
13170,23117,80,2,0,4,15,65535,0,184,0,0,0,64,26,0,0,256,332,8,708992537,0,0,224,33167,267,2,25,40448,17920,0,42488,4096,4194304,4096,512,1,0,6,0,4,0,1024,600951922,81920,2,32768,1048576,16384,1048576,4096,0,16,1,22,0,8,0.0,0,0,0,8,0,40240,0,69632,0,45568,0,3221225536,0,8,96,0,0,53248,69632,0,975184,7
11048,23117,144,3,0,4,0,65535,0,184,0,0,0,64,0,0,0,208,332,5,1260053429,0,0,224,271,267,6,0,23552,3783680,1024,12510,4096,4194304,4096,512,4,0,6,0,4,0,1024,0,4034560,2,32768,1048576,4096,1048576,4096,0,16,1,0,0,5,0.0,0,0,0,4496,0,3774360,0,3862528,0,30208,0,3221225600,0,8,155,0,0,29604,3862528,0,0,6
7199,23117,144,3,0,4,0,65535,0,184,0,0,0,64,0,0,0,216,332,5,1260053446,0,0,224,271,267,6,0,23552,119808,1024,12860,4096,4194304,4096,512,4,0,6,0,4,0,1024,0,208896,2,32768,1048576,4096,1048576,4096,0,16,1,0,0,5,0.0,0,0,0,4496,0,110488,0,188416,0,30208,0,3221225600,0,8,155,0,0,29604,188416,0,426304,4
16844,23117,144,3,0,4,0,65535,0,184,0,0,0,64,0,0,0,248,332,5,1377142217,0,0,224,8450,267,11,0,24576,11776,0,24422,4096,268435456,4096,512,6,3,6,3,6,3,1024,66737,49152,2,320,262144,4096,1048576,4096,0,16,0,0,0,5,1.431237875584182,0,512,0,1448,0,24102,0,40960,0,31744,0,3221225536,0,9,95,2,28096,33184,36864,0,0,8
4849,23117,80,2,0,4,15,65535,0,184,0,0,0,64,26,0,0,256,332,8,708992537,0,0,224,33166,267,2,25,47616,21504,0,49600,4096,4194304,4096,512,4,0,6,0,4,0,1024,2456562,98304,2,32768,1048576,16384,1048576,4096,0,16,1,24,0,8,0.0,0,0,0,8,0,47336,0,86016,0,58368,0,3221225536,0,11,114,0,0,65536,86016,0,2423648,3
15375,23117,144,3,0,4,0,65535,0,184,0,0,0,64,0,0,0,240,34404,6,1377164983,0,0,240,34,523,11,0,84992,14848,0,84788,4096,5368709120,4096,512,6,3,6,3,6,3,1024,131937,114688,2,33120,524288,32768,1048576,4096,0,16,0,10,0,6,1.7913828073406854,0,512,0,820,0,84976,0,110592,0,97792,0,3221225536,0,28,139,0,0,99640,106496,94208,0,8
